"Id;""Designator"";""Footprint"";""Quantity"";""Designation"";""Supplier and ref"";",,,,,,,,,,,,
"1;""R12",R15,"R16"";""R_0603_1608Metric_Pad0.98x0.95mm_HandSolder"";3;""10K"";;;",,,,,,,,,,
"2;""ACCEL1"";""LGA-14_3x5mm_P0.8mm_LayoutBorder1x6y"";1;""ADXL343"";;;",,,,,,,,,,,,
"3;""PWR1"";""JST_GH_SM02B-GHS-TB_1x02-1MP_P1.25mm_Horizontal"";1;""Conn_01x02"";;;",,,,,,,,,,,,
"4;""LED_OUT1"";""JST_GH_SM03B-GHS-TB_1x03-1MP_P1.25mm_Horizontal"";1;""Conn_01x03_Pin"";;;",,,,,,,,,,,,
"5;""REG1"";""SOT-23-5"";1;""LK112M33TR"";;;",,,,,,,,,,,,
"6;""MCU1"";""Laird_BL652"";1;""BL652"";;;",,,,,,,,,,,,
"7;""R13",R5,R6,"R7"";""R_0603_1608Metric_Pad0.98x0.95mm_HandSolder"";4;""100R"";;;",,,,,,,,,
"8;""C6",C8,C3,C4,"C11"";""C_0603_1608Metric_Pad1.08x0.95mm_HandSolder"";5;""100nF"";;;",,,,,,,,
"9;""R2","R1"";""R_0603_1608Metric_Pad0.98x0.95mm_HandSolder"";2;""100K"";;;",,,,,,,,,,,
"10;""C1",C9,C14,C12,C5,"C13"";""C_0603_1608Metric_Pad1.08x0.95mm_HandSolder"";6;""100 nF"";;;",,,,,,,
"11;""MIC1"";""SPV08A0LR5H-1"";1;""SPV08A0LR5H-1"";;;",,,,,,,,,,,,
"12;""TEMP1"";""Sensirion_DFN-4_1.5x1.5mm_P0.8mm_SHT4x_NoCentralPad"";1;""SHT4x"";;;",,,,,,,,,,,,
"13;""R4","R3"";""R_0603_1608Metric_Pad0.98x0.95mm_HandSolder"";2;""4.7K"";;;",,,,,,,,,,,
"14;""D1"";""LED_0603_1608Metric_Pad1.05x0.95mm_HandSolder"";1;""LED"";;;",,,,,,,,,,,,
"15;""C2",C10,"C7"";""C_0603_1608Metric_Pad1.08x0.95mm_HandSolder"";3;""1 uF"";;;",,,,,,,,,,
"16;""SW2","SW1"";""SW_Push_1P1T_NO_CK_KMR2"";2;""SW_Push"";;;",,,,,,,,,,,
"17;""R14"";""R_0603_1608Metric_Pad0.98x0.95mm_HandSolder"";1;""620R"";;;",,,,,,,,,,,,
"18;""OP-AMP1"";""TSOT-23-5"";1;""AD8603"";;;",,,,,,,,,,,,
"19;""RV2"";""Potentiometer_Bourns_TC33X_Vertical"";1;""Intensity Dial"";;;",,,,,,,,,,,,
"20;""LIGHT1"";""SON65P200X200X65-7N"";1;""OPT3002-ALS"";;;",,,,,,,,,,,,
"21;""D2"";""LED_APHB1608LZGKSURKC"";1;""LED_RBAG"";;;",,,,,,,,,,,,
"22;""RV3"";""Potentiometer_Bourns_TC33X_Vertical"";1;""Sens Dial"";;;",,,,,,,,,,,,
,,,,,,,,,,,,
